"lon","lat","anom"
2.5,-87.5,NA
7.5,-87.5,NA
12.5,-87.5,NA
17.5,-87.5,NA
22.5,-87.5,NA
27.5,-87.5,NA
32.5,-87.5,NA
37.5,-87.5,NA
42.5,-87.5,NA
47.5,-87.5,NA
52.5,-87.5,NA
57.5,-87.5,NA
62.5,-87.5,NA
67.5,-87.5,NA
72.5,-87.5,NA
77.5,-87.5,NA
82.5,-87.5,NA
87.5,-87.5,-3.23000001907349
92.5,-87.5,NA
97.5,-87.5,NA
102.5,-87.5,NA
107.5,-87.5,NA
112.5,-87.5,NA
117.5,-87.5,NA
122.5,-87.5,NA
127.5,-87.5,NA
132.5,-87.5,NA
137.5,-87.5,NA
142.5,-87.5,NA
147.5,-87.5,NA
152.5,-87.5,NA
157.5,-87.5,NA
162.5,-87.5,NA
167.5,-87.5,NA
172.5,-87.5,NA
177.5,-87.5,NA
182.5,-87.5,NA
187.5,-87.5,NA
192.5,-87.5,NA
197.5,-87.5,NA
202.5,-87.5,NA
207.5,-87.5,NA
212.5,-87.5,NA
217.5,-87.5,NA
222.5,-87.5,NA
227.5,-87.5,NA
232.5,-87.5,NA
237.5,-87.5,NA
242.5,-87.5,NA
247.5,-87.5,NA
252.5,-87.5,NA
257.5,-87.5,NA
262.5,-87.5,NA
267.5,-87.5,NA
272.5,-87.5,NA
277.5,-87.5,NA
282.5,-87.5,NA
287.5,-87.5,NA
292.5,-87.5,NA
297.5,-87.5,NA
302.5,-87.5,NA
307.5,-87.5,NA
312.5,-87.5,NA
317.5,-87.5,NA
322.5,-87.5,NA
327.5,-87.5,NA
332.5,-87.5,NA
337.5,-87.5,NA
342.5,-87.5,NA
347.5,-87.5,NA
352.5,-87.5,NA
357.5,-87.5,-2.64000010490417
2.5,-82.5,NA
7.5,-82.5,NA
12.5,-82.5,NA
17.5,-82.5,NA
22.5,-82.5,NA
27.5,-82.5,NA
32.5,-82.5,NA
37.5,-82.5,NA
42.5,-82.5,NA
47.5,-82.5,NA
52.5,-82.5,NA
57.5,-82.5,NA
62.5,-82.5,NA
67.5,-82.5,NA
72.5,-82.5,NA
77.5,-82.5,-2.74000000953674
82.5,-82.5,NA
87.5,-82.5,NA
92.5,-82.5,NA
97.5,-82.5,NA
102.5,-82.5,NA
107.5,-82.5,NA
112.5,-82.5,NA
117.5,-82.5,NA
122.5,-82.5,NA
127.5,-82.5,NA
132.5,-82.5,NA
137.5,-82.5,NA
142.5,-82.5,NA
147.5,-82.5,NA
152.5,-82.5,NA
157.5,-82.5,NA
162.5,-82.5,NA
167.5,-82.5,NA
172.5,-82.5,-0.930000007152557
177.5,-82.5,NA
182.5,-82.5,NA
187.5,-82.5,-2.26999998092651
192.5,-82.5,NA
197.5,-82.5,NA
202.5,-82.5,NA
207.5,-82.5,NA
212.5,-82.5,-1.27999997138977
217.5,-82.5,NA
222.5,-82.5,-2.86999988555908
227.5,-82.5,NA
232.5,-82.5,NA
237.5,-82.5,-0.920000016689301
242.5,-82.5,-0.0299999993294477
247.5,-82.5,NA
252.5,-82.5,NA
257.5,-82.5,NA
262.5,-82.5,NA
267.5,-82.5,NA
272.5,-82.5,NA
277.5,-82.5,NA
282.5,-82.5,NA
287.5,-82.5,NA
292.5,-82.5,NA
297.5,-82.5,NA
302.5,-82.5,NA
307.5,-82.5,NA
312.5,-82.5,NA
317.5,-82.5,NA
322.5,-82.5,NA
327.5,-82.5,NA
332.5,-82.5,NA
337.5,-82.5,NA
342.5,-82.5,NA
347.5,-82.5,0.469999998807907
352.5,-82.5,NA
357.5,-82.5,NA
2.5,-77.5,NA
7.5,-77.5,NA
12.5,-77.5,NA
17.5,-77.5,NA
22.5,-77.5,NA
27.5,-77.5,NA
32.5,-77.5,NA
37.5,-77.5,2.24000000953674
42.5,-77.5,NA
47.5,-77.5,NA
52.5,-77.5,NA
57.5,-77.5,NA
62.5,-77.5,NA
67.5,-77.5,NA
72.5,-77.5,NA
77.5,-77.5,-6.48999977111816
82.5,-77.5,NA
87.5,-77.5,NA
92.5,-77.5,NA
97.5,-77.5,NA
102.5,-77.5,NA
107.5,-77.5,1.25
112.5,-77.5,NA
117.5,-77.5,NA
122.5,-77.5,2.80999994277954
127.5,-77.5,NA
132.5,-77.5,NA
137.5,-77.5,NA
142.5,-77.5,NA
147.5,-77.5,NA
152.5,-77.5,NA
157.5,-77.5,NA
162.5,-77.5,-0.349999994039536
167.5,-77.5,-0.579999983310699
172.5,-77.5,-1
177.5,-77.5,NA
182.5,-77.5,0.769999980926514
187.5,-77.5,NA
192.5,-77.5,NA
197.5,-77.5,NA
202.5,-77.5,NA
207.5,-77.5,NA
212.5,-77.5,NA
217.5,-77.5,NA
222.5,-77.5,NA
227.5,-77.5,NA
232.5,-77.5,NA
237.5,-77.5,NA
242.5,-77.5,NA
247.5,-77.5,NA
252.5,-77.5,NA
257.5,-77.5,NA
262.5,-77.5,NA
267.5,-77.5,NA
272.5,-77.5,NA
277.5,-77.5,NA
282.5,-77.5,NA
287.5,-77.5,NA
292.5,-77.5,NA
297.5,-77.5,NA
302.5,-77.5,2.77999997138977
307.5,-77.5,NA
312.5,-77.5,NA
317.5,-77.5,NA
322.5,-77.5,NA
327.5,-77.5,1.57000005245209
332.5,-77.5,0.939999997615814
337.5,-77.5,NA
342.5,-77.5,NA
347.5,-77.5,NA
352.5,-77.5,NA
357.5,-77.5,0.970000028610229
2.5,-72.5,-0.0900000035762787
7.5,-72.5,NA
12.5,-72.5,0.300000011920929
17.5,-72.5,NA
22.5,-72.5,NA
27.5,-72.5,NA
32.5,-72.5,NA
37.5,-72.5,NA
42.5,-72.5,1.85000002384186
47.5,-72.5,NA
52.5,-72.5,NA
57.5,-72.5,NA
62.5,-72.5,NA
67.5,-72.5,0.509999990463257
72.5,-72.5,NA
77.5,-72.5,NA
82.5,-72.5,NA
87.5,-72.5,NA
92.5,-72.5,NA
97.5,-72.5,NA
102.5,-72.5,NA
107.5,-72.5,NA
112.5,-72.5,NA
117.5,-72.5,NA
122.5,-72.5,NA
127.5,-72.5,NA
132.5,-72.5,NA
137.5,-72.5,NA
142.5,-72.5,NA
147.5,-72.5,NA
152.5,-72.5,NA
157.5,-72.5,NA
162.5,-72.5,0.939999997615814
167.5,-72.5,0.129999995231628
172.5,-72.5,-0.324097812175751
177.5,-72.5,-0.422858357429504
182.5,-72.5,-0.546217143535614
187.5,-72.5,NA
192.5,-72.5,NA
197.5,-72.5,NA
202.5,-72.5,NA
207.5,-72.5,-0.521666407585144
212.5,-72.5,-0.469815611839294
217.5,-72.5,-0.393403232097626
222.5,-72.5,NA
227.5,-72.5,NA
232.5,-72.5,NA
237.5,-72.5,NA
242.5,-72.5,-0.561997294425964
247.5,-72.5,NA
252.5,-72.5,NA
257.5,-72.5,-0.462086737155914
262.5,-72.5,NA
267.5,-72.5,NA
272.5,-72.5,NA
277.5,-72.5,NA
282.5,-72.5,NA
287.5,-72.5,0.46000000834465
292.5,-72.5,1.61000001430511
297.5,-72.5,0.870000004768372
302.5,-72.5,NA
307.5,-72.5,NA
312.5,-72.5,NA
317.5,-72.5,NA
322.5,-72.5,NA
327.5,-72.5,NA
332.5,-72.5,NA
337.5,-72.5,NA
342.5,-72.5,NA
347.5,-72.5,NA
352.5,-72.5,0.800000011920929
357.5,-72.5,0.270000010728836
2.5,-67.5,-0.47741487622261
7.5,-67.5,-0.5136998295784
12.5,-67.5,-0.426729142665863
17.5,-67.5,-0.272711098194122
22.5,-67.5,-0.180816099047661
27.5,-67.5,-0.104851245880127
32.5,-67.5,-0.203997135162354
37.5,-67.5,0.409999996423721
42.5,-67.5,NA
47.5,-67.5,0.0799999982118607
52.5,-67.5,NA
57.5,-67.5,NA
62.5,-67.5,0.119999997317791
67.5,-67.5,-0.104527145624161
72.5,-67.5,NA
77.5,-67.5,0.236679688096046
82.5,-67.5,NA
87.5,-67.5,NA
92.5,-67.5,1.4099999666214
97.5,-67.5,NA
102.5,-67.5,NA
107.5,-67.5,NA
112.5,-67.5,1.44000005722046
117.5,-67.5,NA
122.5,-67.5,NA
127.5,-67.5,NA
132.5,-67.5,NA
137.5,-67.5,0.569999992847443
142.5,-67.5,0.0399999991059303
147.5,-67.5,NA
152.5,-67.5,NA
157.5,-67.5,NA
162.5,-67.5,NA
167.5,-67.5,NA
172.5,-67.5,-0.0865954756736755
177.5,-67.5,-0.0176896899938583
182.5,-67.5,-0.0463496446609497
187.5,-67.5,-0.166273638606071
192.5,-67.5,-0.255748212337494
197.5,-67.5,-0.316604375839233
202.5,-67.5,-0.428251624107361
207.5,-67.5,-0.473134458065033
212.5,-67.5,-0.484841823577881
217.5,-67.5,-0.431363999843597
222.5,-67.5,-0.414644598960876
227.5,-67.5,-0.28009557723999
232.5,-67.5,-0.268713384866714
237.5,-67.5,-0.197808459401131
242.5,-67.5,-0.124478302896023
247.5,-67.5,-0.0645538419485092
252.5,-67.5,0.014955498278141
257.5,-67.5,0.151447281241417
262.5,-67.5,0.220768183469772
267.5,-67.5,0.250222027301788
272.5,-67.5,0.136668547987938
277.5,-67.5,0.0972862392663956
282.5,-67.5,0.00949034933000803
287.5,-67.5,-0.0441476181149483
292.5,-67.5,-0.0443021953105927
297.5,-67.5,-0.225116431713104
302.5,-67.5,NA
307.5,-67.5,NA
312.5,-67.5,NA
317.5,-67.5,NA
322.5,-67.5,-0.194812908768654
327.5,-67.5,-0.130373790860176
332.5,-67.5,-0.153345465660095
337.5,-67.5,-0.158705323934555
342.5,-67.5,-0.120913103222847
347.5,-67.5,-0.149685591459274
352.5,-67.5,-0.259972929954529
357.5,-67.5,-0.361352175474167
2.5,-62.5,-0.285908669233322
7.5,-62.5,-0.280149400234222
12.5,-62.5,-0.275595843791962
17.5,-62.5,-0.233452841639519
22.5,-62.5,-0.169976502656937
27.5,-62.5,-0.0831540375947952
32.5,-62.5,-0.0373473428189754
37.5,-62.5,0.0498403310775757
42.5,-62.5,0.0961861610412598
47.5,-62.5,0.093276709318161
52.5,-62.5,0.101126052439213
57.5,-62.5,0.155259355902672
62.5,-62.5,0.171334236860275
67.5,-62.5,0.128757923841476
72.5,-62.5,0.124644696712494
77.5,-62.5,0.187824457883835
82.5,-62.5,0.180062487721443
87.5,-62.5,0.215910211205482
92.5,-62.5,0.240580171346664
97.5,-62.5,0.082227423787117
102.5,-62.5,0.226112499833107
107.5,-62.5,0.265405893325806
112.5,-62.5,0.23749603331089
117.5,-62.5,0.180754601955414
122.5,-62.5,0.163774147629738
127.5,-62.5,0.157458573579788
132.5,-62.5,0.0959459841251373
137.5,-62.5,-0.019711347296834
142.5,-62.5,-0.0507274530827999
147.5,-62.5,-0.0100873615592718
152.5,-62.5,0.00979506783187389
157.5,-62.5,0.11516647785902
162.5,-62.5,0.215916126966476
167.5,-62.5,0.310703635215759
172.5,-62.5,0.388258993625641
177.5,-62.5,0.430390894412994
182.5,-62.5,0.368790984153748
187.5,-62.5,0.283509194850922
192.5,-62.5,0.227312058210373
197.5,-62.5,0.227154329419136
202.5,-62.5,0.125925034284592
207.5,-62.5,0.074140377342701
212.5,-62.5,0.0915408283472061
217.5,-62.5,0.147565603256226
222.5,-62.5,0.164112880825996
227.5,-62.5,0.171871840953827
232.5,-62.5,0.122227773070335
237.5,-62.5,0.115622438490391
242.5,-62.5,0.222031354904175
247.5,-62.5,0.289610236883163
252.5,-62.5,0.370708048343658
257.5,-62.5,0.497560232877731
262.5,-62.5,0.607372581958771
267.5,-62.5,0.624269008636475
272.5,-62.5,0.567147850990295
277.5,-62.5,0.476907700300217
282.5,-62.5,0.410942107439041
287.5,-62.5,0.408442914485931
292.5,-62.5,0.335181474685669
297.5,-62.5,0.149251669645309
302.5,-62.5,0.0585383884608746
307.5,-62.5,-0.517369329929352
312.5,-62.5,-0.426212430000305
317.5,-62.5,-0.166787147521973
322.5,-62.5,-0.226185962557793
327.5,-62.5,-0.221804827451706
332.5,-62.5,-0.227290570735931
337.5,-62.5,-0.230967015028
342.5,-62.5,-0.208816230297089
347.5,-62.5,-0.190565541386604
352.5,-62.5,-0.204086005687714
357.5,-62.5,-0.230322614312172
2.5,-57.5,-0.147390142083168
7.5,-57.5,-0.16054555773735
12.5,-57.5,-0.183748200535774
17.5,-57.5,-0.168438851833344
22.5,-57.5,-0.113978557288647
27.5,-57.5,-0.0783889070153236
32.5,-57.5,-0.0506733395159245
37.5,-57.5,-0.0306473132222891
42.5,-57.5,-0.0211993735283613
47.5,-57.5,0.00132349436171353
52.5,-57.5,0.0235306303948164
57.5,-57.5,0.0395162962377071
62.5,-57.5,0.0203520599752665
67.5,-57.5,0.0104379570111632
72.5,-57.5,0.036503940820694
77.5,-57.5,0.133120104670525
82.5,-57.5,0.205805823206902
87.5,-57.5,0.297305464744568
92.5,-57.5,0.389482825994492
97.5,-57.5,0.462933093309402
102.5,-57.5,0.510275363922119
107.5,-57.5,0.580444693565369
112.5,-57.5,0.580396711826324
117.5,-57.5,0.54841536283493
122.5,-57.5,0.523425102233887
127.5,-57.5,0.393516778945923
132.5,-57.5,0.209859415888786
137.5,-57.5,0.0863517448306084
142.5,-57.5,0.079560324549675
147.5,-57.5,0.107823193073273
152.5,-57.5,0.140411958098412
157.5,-57.5,0.292723327875137
162.5,-57.5,0.430976390838623
167.5,-57.5,0.494347155094147
172.5,-57.5,0.555669546127319
177.5,-57.5,0.660682857036591
182.5,-57.5,0.65193510055542
187.5,-57.5,0.680532991886139
192.5,-57.5,0.726792752742767
197.5,-57.5,0.788160562515259
202.5,-57.5,0.746387422084808
207.5,-57.5,0.670890510082245
212.5,-57.5,0.64409863948822
217.5,-57.5,0.513775289058685
222.5,-57.5,0.330258876085281
227.5,-57.5,0.187438458204269
232.5,-57.5,0.0106154577806592
237.5,-57.5,-0.0397457480430603
242.5,-57.5,0.11326626688242
247.5,-57.5,0.185511380434036
252.5,-57.5,0.234144911170006
257.5,-57.5,0.364151537418365
262.5,-57.5,0.462124943733215
267.5,-57.5,0.483290374279022
272.5,-57.5,0.475258201360703
277.5,-57.5,0.445387274026871
282.5,-57.5,0.436860382556915
287.5,-57.5,0.500909626483917
292.5,-57.5,0.498509466648102
297.5,-57.5,0.437892615795135
302.5,-57.5,0.459427684545517
307.5,-57.5,0.421153098344803
312.5,-57.5,0.363076627254486
317.5,-57.5,0.262728363275528
322.5,-57.5,0.127741873264313
327.5,-57.5,0.000308061600662768
332.5,-57.5,-0.0965210348367691
337.5,-57.5,-0.119200065732002
342.5,-57.5,-0.0960118025541306
347.5,-57.5,-0.0408856384456158
352.5,-57.5,-0.025165194645524
357.5,-57.5,-0.0848020315170288
2.5,-52.5,0.162335649132729
7.5,-52.5,0.158801332116127
12.5,-52.5,0.20258466899395
17.5,-52.5,0.203091472387314
22.5,-52.5,0.188084274530411
27.5,-52.5,0.16149939596653
32.5,-52.5,0.0838496908545494
37.5,-52.5,0.00280740321613848
42.5,-52.5,-0.0296509992331266
47.5,-52.5,-0.0593333356082439
52.5,-52.5,-0.102159321308136
57.5,-52.5,-0.160253524780273
62.5,-52.5,-0.183834001421928
67.5,-52.5,-0.19257515668869
72.5,-52.5,-0.108508966863155
77.5,-52.5,0.0825963020324707
82.5,-52.5,0.13287465274334
87.5,-52.5,0.191144824028015
92.5,-52.5,0.45415461063385
97.5,-52.5,0.622475206851959
102.5,-52.5,0.726758241653442
107.5,-52.5,0.760604619979858
112.5,-52.5,0.748356699943542
117.5,-52.5,0.727091372013092
122.5,-52.5,0.596909940242767
127.5,-52.5,0.44948348402977
132.5,-52.5,0.19234736263752
137.5,-52.5,0.0222011785954237
142.5,-52.5,-0.0142192905768752
147.5,-52.5,-0.0264699067920446
152.5,-52.5,-0.0970130860805511
157.5,-52.5,0.163072749972343
162.5,-52.5,0.175002485513687
167.5,-52.5,0.322298526763916
172.5,-52.5,0.437350988388062
177.5,-52.5,0.643617033958435
182.5,-52.5,0.784925580024719
187.5,-52.5,0.924253821372986
192.5,-52.5,1.06260621547699
197.5,-52.5,1.15313100814819
202.5,-52.5,1.16347742080688
207.5,-52.5,1.02827429771423
212.5,-52.5,0.868683755397797
217.5,-52.5,0.616845846176147
222.5,-52.5,0.346577525138855
227.5,-52.5,0.136392071843147
232.5,-52.5,-0.0683822780847549
237.5,-52.5,-0.141117841005325
242.5,-52.5,-0.0746745020151138
247.5,-52.5,-0.0933190807700157
252.5,-52.5,-0.0366232544183731
257.5,-52.5,0.170271009206772
262.5,-52.5,0.312387526035309
267.5,-52.5,0.440833747386932
272.5,-52.5,0.518897294998169
277.5,-52.5,0.565081417560577
282.5,-52.5,0.586475074291229
287.5,-52.5,0.527361154556274
292.5,-52.5,0.489752948284149
297.5,-52.5,0.402674496173859
302.5,-52.5,0.363159418106079
307.5,-52.5,0.295342713594437
312.5,-52.5,0.418775409460068
317.5,-52.5,0.570241987705231
322.5,-52.5,0.429793268442154
327.5,-52.5,0.357778668403625
332.5,-52.5,0.389044553041458
337.5,-52.5,0.350517362356186
342.5,-52.5,0.305078446865082
347.5,-52.5,0.304122239351273
352.5,-52.5,0.261722087860107
357.5,-52.5,0.200810670852661
2.5,-47.5,0.355503141880035
7.5,-47.5,0.394124031066895
12.5,-47.5,0.409822732210159
17.5,-47.5,0.379572033882141
22.5,-47.5,0.344176143407822
27.5,-47.5,0.332537740468979
32.5,-47.5,0.267291516065598
37.5,-47.5,0.20735789835453
42.5,-47.5,-0.0445042587816715
47.5,-47.5,-0.157134741544724
52.5,-47.5,-0.146124929189682
57.5,-47.5,-0.467097043991089
62.5,-47.5,-0.57280021905899
67.5,-47.5,-0.631420254707336
72.5,-47.5,-0.449369668960571
77.5,-47.5,-0.300382763147354
82.5,-47.5,-0.205267950892448
87.5,-47.5,0.00024241569917649
92.5,-47.5,0.326073944568634
97.5,-47.5,0.607366502285004
102.5,-47.5,0.698637723922729
107.5,-47.5,0.666437447071075
112.5,-47.5,0.624774158000946
117.5,-47.5,0.592632532119751
122.5,-47.5,0.38364252448082
127.5,-47.5,0.256793975830078
132.5,-47.5,0.132262513041496
137.5,-47.5,-0.0598816759884357
142.5,-47.5,-0.237554654479027
147.5,-47.5,-0.411496251821518
152.5,-47.5,-0.370649248361588
157.5,-47.5,-0.177747383713722
162.5,-47.5,-0.130594149231911
167.5,-47.5,-0.00158754736185074
172.5,-47.5,0.246941223740578
177.5,-47.5,0.41088393330574
182.5,-47.5,0.58703088760376
187.5,-47.5,0.96667343378067
192.5,-47.5,1.33532476425171
197.5,-47.5,1.6040130853653
202.5,-47.5,1.67616152763367
207.5,-47.5,1.55114614963531
212.5,-47.5,1.36309802532196
217.5,-47.5,1.08714056015015
222.5,-47.5,0.780352771282196
227.5,-47.5,0.449865013360977
232.5,-47.5,0.114780642092228
237.5,-47.5,-0.0767877921462059
242.5,-47.5,-0.204218685626984
247.5,-47.5,-0.280497491359711
252.5,-47.5,-0.179369613528252
257.5,-47.5,0.0987270101904869
262.5,-47.5,0.344625383615494
267.5,-47.5,0.496594309806824
272.5,-47.5,0.574291110038757
277.5,-47.5,0.554970443248749
282.5,-47.5,0.486910104751587
287.5,-47.5,0.556748986244202
292.5,-47.5,0.353659391403198
297.5,-47.5,0.0725503116846085
302.5,-47.5,-0.173229143023491
307.5,-47.5,-0.427274852991104
312.5,-47.5,-0.136597663164139
317.5,-47.5,0.339118272066116
322.5,-47.5,0.359640896320343
327.5,-47.5,0.403633892536163
332.5,-47.5,0.595423579216003
337.5,-47.5,0.65484744310379
342.5,-47.5,0.584629058837891
347.5,-47.5,0.448619365692139
352.5,-47.5,0.358184218406677
357.5,-47.5,0.325872033834457
2.5,-42.5,0.0853288397192955
7.5,-42.5,0.155463889241219
12.5,-42.5,0.211597517132759
17.5,-42.5,0.154737383127213
22.5,-42.5,0.15569281578064
27.5,-42.5,0.242152914404869
32.5,-42.5,0.320076882839203
37.5,-42.5,0.0603833273053169
42.5,-42.5,-0.0360179804265499
47.5,-42.5,-0.177169263362885
52.5,-42.5,-0.315625727176666
57.5,-42.5,-0.69406133890152
62.5,-42.5,-0.892433881759644
67.5,-42.5,-1.08003830909729
72.5,-42.5,-0.968589544296265
77.5,-42.5,-0.75136524438858
82.5,-42.5,-0.681200623512268
87.5,-42.5,-0.475218683481216
92.5,-42.5,-0.130278408527374
97.5,-42.5,0.200632140040398
102.5,-42.5,0.318254828453064
107.5,-42.5,0.239719420671463
112.5,-42.5,0.104442805051804
117.5,-42.5,0.106404528021812
122.5,-42.5,0.16237510740757
127.5,-42.5,0.180907040834427
132.5,-42.5,0.119496054947376
137.5,-42.5,0.00935417227447033
142.5,-42.5,-0.0145742893218994
147.5,-42.5,0.0904239118099213
152.5,-42.5,-0.0614532008767128
157.5,-42.5,-0.0103006595745683
162.5,-42.5,-0.0886829793453217
167.5,-42.5,-0.181467056274414
172.5,-42.5,-0.000843986868858337
177.5,-42.5,-0.0141551122069359
182.5,-42.5,0.37082639336586
187.5,-42.5,0.955738127231598
192.5,-42.5,1.52956116199493
197.5,-42.5,1.92944943904877
202.5,-42.5,2.06383776664734
207.5,-42.5,1.97047281265259
212.5,-42.5,1.81497061252594
217.5,-42.5,1.54263281822205
222.5,-42.5,1.23245286941528
227.5,-42.5,0.77768349647522
232.5,-42.5,0.310414910316467
237.5,-42.5,-0.0973796024918556
242.5,-42.5,-0.420117765665054
247.5,-42.5,-0.453464359045029
252.5,-42.5,-0.211004823446274
257.5,-42.5,0.156365603208542
262.5,-42.5,0.42748835682869
267.5,-42.5,0.56856495141983
272.5,-42.5,0.626320064067841
277.5,-42.5,0.493222653865814
282.5,-42.5,0.35713317990303
287.5,-42.5,0.441668629646301
292.5,-42.5,1.24740695953369
297.5,-42.5,-0.0445645675063133
302.5,-42.5,-0.20791532099247
307.5,-42.5,-0.555699288845062
312.5,-42.5,-0.30312842130661
317.5,-42.5,0.148979112505913
322.5,-42.5,0.311775058507919
327.5,-42.5,0.333340555429459
332.5,-42.5,0.431899607181549
337.5,-42.5,0.513235986232758
342.5,-42.5,0.472047924995422
347.5,-42.5,0.257046908140182
352.5,-42.5,0.232276499271393
357.5,-42.5,0.113054670393467
2.5,-37.5,-0.285427182912827
7.5,-37.5,-0.0927735641598701
12.5,-37.5,0.0366961695253849
17.5,-37.5,-0.0350954383611679
22.5,-37.5,0.0790893062949181
27.5,-37.5,0.223393842577934
32.5,-37.5,0.162238657474518
37.5,-37.5,-0.1128835901618
42.5,-37.5,-0.101737394928932
47.5,-37.5,-0.233210161328316
52.5,-37.5,-0.480866879224777
57.5,-37.5,-0.867197811603546
62.5,-37.5,-1.13514006137848
67.5,-37.5,-1.35440874099731
72.5,-37.5,-1.36570882797241
77.5,-37.5,-1.15041410923004
82.5,-37.5,-1.08954465389252
87.5,-37.5,-0.865372478961945
92.5,-37.5,-0.574573576450348
97.5,-37.5,-0.303425192832947
102.5,-37.5,-0.0570949241518974
107.5,-37.5,0.0131823364645243
112.5,-37.5,-0.0416242741048336
117.5,-37.5,0.0501095317304134
122.5,-37.5,0.250738590955734
127.5,-37.5,0.268157243728638
132.5,-37.5,0.275899082422256
137.5,-37.5,0.355303645133972
142.5,-37.5,0.540881931781769
147.5,-37.5,0.923238039016724
152.5,-37.5,0.742663025856018
157.5,-37.5,0.668859422206879
162.5,-37.5,0.417770177125931
167.5,-37.5,0.0977360159158707
172.5,-37.5,-0.0419522896409035
177.5,-37.5,0.223652571439743
182.5,-37.5,0.369569778442383
187.5,-37.5,0.792069733142853
192.5,-37.5,1.26318860054016
197.5,-37.5,1.5637674331665
202.5,-37.5,1.62457966804504
207.5,-37.5,1.61440765857697
212.5,-37.5,1.4791042804718
217.5,-37.5,1.15841555595398
222.5,-37.5,0.848380625247955
227.5,-37.5,0.344896137714386
232.5,-37.5,-0.183628097176552
237.5,-37.5,-0.570788741111755
242.5,-37.5,-0.767037808895111
247.5,-37.5,-0.548234641551971
252.5,-37.5,-0.209451168775558
257.5,-37.5,0.193826705217361
262.5,-37.5,0.474560171365738
267.5,-37.5,0.62377542257309
272.5,-37.5,0.656311273574829
277.5,-37.5,0.459546059370041
282.5,-37.5,0.267892926931381
287.5,-37.5,0.53224128484726
292.5,-37.5,1.2063250541687
297.5,-37.5,0.286962956190109
302.5,-37.5,0.555721879005432
307.5,-37.5,0.403259575366974
312.5,-37.5,0.112704768776894
317.5,-37.5,0.0834305882453918
322.5,-37.5,0.242187768220901
327.5,-37.5,0.229843601584435
332.5,-37.5,0.217592254281044
337.5,-37.5,0.217037677764893
342.5,-37.5,0.184406876564026
347.5,-37.5,0.0151281096041203
352.5,-37.5,-0.1056003049016
357.5,-37.5,-0.177149191498756
2.5,-32.5,-0.0435340292751789
7.5,-32.5,0.0773447602987289
12.5,-32.5,-0.0209353771060705
17.5,-32.5,0.080116018652916
22.5,-32.5,0.576431632041931
27.5,-32.5,0.519582271575928
32.5,-32.5,0.177662372589111
37.5,-32.5,-0.0365573391318321
42.5,-32.5,0.0893380865454674
47.5,-32.5,0.0170345082879066
52.5,-32.5,-0.285957217216492
57.5,-32.5,-0.731271862983704
62.5,-32.5,-1.15323495864868
67.5,-32.5,-1.33835434913635
72.5,-32.5,-1.28259682655334
77.5,-32.5,-1.17637729644775
82.5,-32.5,-0.887288451194763
87.5,-32.5,-0.672616899013519
92.5,-32.5,-0.408970952033997
97.5,-32.5,-0.401896744966507
102.5,-32.5,-0.297877758741379
107.5,-32.5,0.110043086111546
112.5,-32.5,0.570505678653717
117.5,-32.5,0.0467528998851776
122.5,-32.5,0.477827727794647
127.5,-32.5,0.595314502716064
132.5,-32.5,0.403962910175323
137.5,-32.5,0.442328631877899
142.5,-32.5,1.07942867279053
147.5,-32.5,3.88998222351074
152.5,-32.5,1.79687309265137
157.5,-32.5,1.18356549739838
162.5,-32.5,0.745675444602966
167.5,-32.5,0.434303432703018
172.5,-32.5,0.245326310396194
177.5,-32.5,0.268589407205582
182.5,-32.5,0.397982656955719
187.5,-32.5,0.605507552623749
192.5,-32.5,0.837618112564087
197.5,-32.5,0.957824468612671
202.5,-32.5,0.96416437625885
207.5,-32.5,0.915381073951721
212.5,-32.5,0.728563249111176
217.5,-32.5,0.41838812828064
222.5,-32.5,0.103639483451843
227.5,-32.5,-0.315524816513062
232.5,-32.5,-0.66113668680191
237.5,-32.5,-0.809537947177887
242.5,-32.5,-0.695176661014557
247.5,-32.5,-0.27280867099762
252.5,-32.5,0.0494658350944519
257.5,-32.5,0.230635672807693
262.5,-32.5,0.415623515844345
267.5,-32.5,0.563384890556335
272.5,-32.5,0.515471518039703
277.5,-32.5,0.232418105006218
282.5,-32.5,0.0318360850214958
287.5,-32.5,0.0883392095565796
292.5,-32.5,1.96887969970703
297.5,-32.5,0.378043532371521
302.5,-32.5,-0.12992137670517
307.5,-32.5,0.651601076126099
312.5,-32.5,0.433765381574631
317.5,-32.5,0.18070425093174
322.5,-32.5,0.0944742411375046
327.5,-32.5,0.074207991361618
332.5,-32.5,0.0856622159481049
337.5,-32.5,0.0495918616652489
342.5,-32.5,0.0407414175570011
347.5,-32.5,-0.0540487617254257
352.5,-32.5,-0.06443952023983
357.5,-32.5,-0.0669383481144905
2.5,-27.5,0.387568295001984
7.5,-27.5,0.364704579114914
12.5,-27.5,0.347705870866776
17.5,-27.5,0.510460019111633
22.5,-27.5,1.14419293403625
27.5,-27.5,0.153197765350342
32.5,-27.5,0.579303562641144
37.5,-27.5,0.240552380681038
42.5,-27.5,0.263541787862778
47.5,-27.5,0.254712909460068
52.5,-27.5,-0.0936743840575218
57.5,-27.5,-0.441566586494446
62.5,-27.5,-0.667129874229431
67.5,-27.5,-0.56421422958374
72.5,-27.5,-0.231035083532333
77.5,-27.5,0.0760466754436493
82.5,-27.5,0.278353661298752
87.5,-27.5,0.263240903615952
92.5,-27.5,0.314030587673187
97.5,-27.5,0.211231932044029
102.5,-27.5,0.147773519158363
107.5,-27.5,0.594231307506561
112.5,-27.5,1.0131561756134
117.5,-27.5,-0.144285619258881
122.5,-27.5,-0.321753621101379
127.5,-27.5,0.422923654317856
132.5,-27.5,0.744283497333527
137.5,-27.5,1.12480616569519
142.5,-27.5,2.93052196502686
147.5,-27.5,3.84152746200562
152.5,-27.5,2.30795621871948
157.5,-27.5,0.775583565235138
162.5,-27.5,0.503859281539917
167.5,-27.5,0.291748225688934
172.5,-27.5,0.0865259245038033
177.5,-27.5,0.0246257986873388
182.5,-27.5,0.192436218261719
187.5,-27.5,0.32573276758194
192.5,-27.5,0.478808164596558
197.5,-27.5,0.521762728691101
202.5,-27.5,0.495472997426987
207.5,-27.5,0.469803482294083
212.5,-27.5,0.358321219682693
217.5,-27.5,0.176193699240685
222.5,-27.5,-0.0635352730751038
227.5,-27.5,-0.268070667982101
232.5,-27.5,-0.434952437877655
237.5,-27.5,-0.433302521705627
242.5,-27.5,-0.314614593982697
247.5,-27.5,-0.0529449358582497
252.5,-27.5,0.112048089504242
257.5,-27.5,0.0391339622437954
262.5,-27.5,0.105119444429874
267.5,-27.5,0.166139587759972
272.5,-27.5,0.0333092398941517
277.5,-27.5,-0.21619713306427
282.5,-27.5,-0.420567244291306
287.5,-27.5,-0.00926503539085388
292.5,-27.5,1.43804144859314
297.5,-27.5,0.839483976364136
302.5,-27.5,0.373140662908554
307.5,-27.5,0.533881306648254
312.5,-27.5,0.637001991271973
317.5,-27.5,0.152289792895317
322.5,-27.5,0.151984632015228
327.5,-27.5,0.152768224477768
332.5,-27.5,0.0849817767739296
337.5,-27.5,0.0335796773433685
342.5,-27.5,0.113483965396881
347.5,-27.5,0.151032418012619
352.5,-27.5,0.251853883266449
357.5,-27.5,0.345565021038055
2.5,-22.5,0.62362414598465
7.5,-22.5,0.669755220413208
12.5,-22.5,0.856424391269684
17.5,-22.5,0.953786253929138
22.5,-22.5,0.595088422298431
27.5,-22.5,0.453143179416656
32.5,-22.5,0.656656503677368
37.5,-22.5,0.343090742826462
42.5,-22.5,0.339991629123688
47.5,-22.5,0.617841839790344
52.5,-22.5,0.243279233574867
57.5,-22.5,0.36505714058876
62.5,-22.5,0.527844369411469
67.5,-22.5,0.859995424747467
72.5,-22.5,1.20099318027496
77.5,-22.5,1.31056129932404
82.5,-22.5,1.2054694890976
87.5,-22.5,0.989798009395599
92.5,-22.5,0.774482250213623
97.5,-22.5,0.571965098381042
102.5,-22.5,0.48959082365036
107.5,-22.5,0.960048973560333
112.5,-22.5,1.21798467636108
117.5,-22.5,0.899794936180115
122.5,-22.5,0.172898218035698
127.5,-22.5,0.651100277900696
132.5,-22.5,1.51991629600525
137.5,-22.5,1.88460969924927
142.5,-22.5,2.12855863571167
147.5,-22.5,1.15131604671478
152.5,-22.5,0.632317960262299
157.5,-22.5,0.414673238992691
162.5,-22.5,0.279310375452042
167.5,-22.5,-0.0755066424608231
172.5,-22.5,-0.359524577856064
177.5,-22.5,-0.28227037191391
182.5,-22.5,-0.0310240536928177
187.5,-22.5,0.157781630754471
192.5,-22.5,0.395172595977783
197.5,-22.5,0.485139638185501
202.5,-22.5,0.405212461948395
207.5,-22.5,0.38218879699707
212.5,-22.5,0.342147946357727
217.5,-22.5,0.203950941562653
222.5,-22.5,0.0763493478298187
227.5,-22.5,-0.0493605397641659
232.5,-22.5,-0.165407538414001
237.5,-22.5,-0.157495781779289
242.5,-22.5,-0.0410245396196842
247.5,-22.5,0.0960651114583015
252.5,-22.5,0.077166274189949
257.5,-22.5,-0.0374643467366695
262.5,-22.5,-0.149512380361557
267.5,-22.5,-0.264941543340683
272.5,-22.5,-0.427301377058029
277.5,-22.5,-0.581437766551971
282.5,-22.5,-0.467473477125168
287.5,-22.5,0.641209125518799
292.5,-22.5,1.36961734294891
297.5,-22.5,1.38202786445618
302.5,-22.5,0.590127348899841
307.5,-22.5,0.779103875160217
312.5,-22.5,0.979283928871155
317.5,-22.5,0.548224866390228
322.5,-22.5,0.336491316556931
327.5,-22.5,0.328352808952332
332.5,-22.5,0.310830056667328
337.5,-22.5,0.357580274343491
342.5,-22.5,0.462695688009262
347.5,-22.5,0.51074355840683
352.5,-22.5,0.593902826309204
357.5,-22.5,0.666660606861115
2.5,-17.5,0.816506803035736
7.5,-17.5,1.23777592182159
12.5,-17.5,1.35398983955383
17.5,-17.5,-0.0186673998832703
22.5,-17.5,0.780695497989655
27.5,-17.5,0.778198540210724
32.5,-17.5,0.591967701911926
37.5,-17.5,0.382320523262024
42.5,-17.5,0.462752163410187
47.5,-17.5,0.874092578887939
52.5,-17.5,0.775241374969482
57.5,-17.5,1.08030045032501
62.5,-17.5,1.36737859249115
67.5,-17.5,1.67031598091125
72.5,-17.5,1.75991773605347
77.5,-17.5,1.5431694984436
82.5,-17.5,1.23352432250977
87.5,-17.5,0.875089764595032
92.5,-17.5,0.439282923936844
97.5,-17.5,0.179166465997696
102.5,-17.5,0.304482161998749
107.5,-17.5,0.861979842185974
112.5,-17.5,1.19871962070465
117.5,-17.5,1.33340752124786
122.5,-17.5,0.957932829856873
127.5,-17.5,1.14399695396423
132.5,-17.5,0.937930941581726
137.5,-17.5,1.40764629840851
142.5,-17.5,1.24503707885742
147.5,-17.5,0.515726923942566
152.5,-17.5,0.386782109737396
157.5,-17.5,0.290242940187454
162.5,-17.5,0.132353082299232
167.5,-17.5,-0.0487727671861649
172.5,-17.5,-0.248393282294273
177.5,-17.5,-0.0143360383808613
182.5,-17.5,0.131418496370316
187.5,-17.5,0.408816456794739
192.5,-17.5,0.542217373847961
197.5,-17.5,0.590639233589172
202.5,-17.5,0.558681070804596
207.5,-17.5,0.502557098865509
212.5,-17.5,0.440209895372391
217.5,-17.5,0.333008170127869
222.5,-17.5,0.287141293287277
227.5,-17.5,0.237123712897301
232.5,-17.5,0.208661779761314
237.5,-17.5,0.226346701383591
242.5,-17.5,0.241132944822311
247.5,-17.5,0.21321015059948
252.5,-17.5,0.0768554359674454
257.5,-17.5,-0.107554852962494
262.5,-17.5,-0.265817165374756
267.5,-17.5,-0.39619255065918
272.5,-17.5,-0.504838347434998
277.5,-17.5,-0.426716476678848
282.5,-17.5,0.436265110969543
287.5,-17.5,1.24801087379456
292.5,-17.5,1.44470405578613
297.5,-17.5,1.30482363700867
302.5,-17.5,1.44212245941162
307.5,-17.5,0.978359639644623
312.5,-17.5,1.32141661643982
317.5,-17.5,1.10668325424194
322.5,-17.5,0.507113873958588
327.5,-17.5,0.599208235740662
332.5,-17.5,0.568432986736298
337.5,-17.5,0.595235705375671
342.5,-17.5,0.600767850875854
347.5,-17.5,0.583336114883423
352.5,-17.5,0.601951897144318
357.5,-17.5,0.663495302200317
2.5,-12.5,1.4742739200592
7.5,-12.5,1.85682809352875
12.5,-12.5,2.23844623565674
17.5,-12.5,1.12311017513275
22.5,-12.5,1.08757960796356
27.5,-12.5,1.03564691543579
32.5,-12.5,0.989910244941711
37.5,-12.5,1.16507768630981
42.5,-12.5,0.630347847938538
47.5,-12.5,0.712086975574493
52.5,-12.5,0.973212361335754
57.5,-12.5,1.31740319728851
62.5,-12.5,1.55870842933655
67.5,-12.5,1.56889533996582
72.5,-12.5,1.45424115657806
77.5,-12.5,1.19725680351257
82.5,-12.5,0.844485998153687
87.5,-12.5,0.574349284172058
92.5,-12.5,0.370248705148697
97.5,-12.5,0.359116822481155
102.5,-12.5,0.385833621025085
107.5,-12.5,0.612246155738831
112.5,-12.5,0.768958687782288
117.5,-12.5,0.912855803966522
122.5,-12.5,0.940980315208435
127.5,-12.5,0.842616200447083
132.5,-12.5,0.902104258537292
137.5,-12.5,0.864430129528046
142.5,-12.5,0.836002945899963
147.5,-12.5,0.457809895277023
152.5,-12.5,0.326760858297348
157.5,-12.5,0.362170845270157
162.5,-12.5,0.407863259315491
167.5,-12.5,0.344941109418869
172.5,-12.5,0.340142548084259
177.5,-12.5,0.450504720211029
182.5,-12.5,0.563475251197815
187.5,-12.5,0.695334851741791
192.5,-12.5,0.727961838245392
197.5,-12.5,0.668185234069824
202.5,-12.5,0.595847547054291
207.5,-12.5,0.472846120595932
212.5,-12.5,0.388493925333023
217.5,-12.5,0.344588607549667
222.5,-12.5,0.373299032449722
227.5,-12.5,0.372101426124573
232.5,-12.5,0.336243510246277
237.5,-12.5,0.247853651642799
242.5,-12.5,0.164800971746445
247.5,-12.5,0.0741216316819191
252.5,-12.5,-0.0396595783531666
257.5,-12.5,-0.151777803897858
262.5,-12.5,-0.214926525950432
267.5,-12.5,-0.270062863826752
272.5,-12.5,-0.338697880506516
277.5,-12.5,-0.0633340030908585
282.5,-12.5,0.818079829216003
287.5,-12.5,1.09311163425446
292.5,-12.5,1.41102337837219
297.5,-12.5,1.34738314151764
302.5,-12.5,0.962391018867493
307.5,-12.5,1.09277307987213
312.5,-12.5,0.956138372421265
317.5,-12.5,1.18173599243164
322.5,-12.5,0.718313694000244
327.5,-12.5,0.610413253307343
332.5,-12.5,0.566889226436615
337.5,-12.5,0.572987496852875
342.5,-12.5,0.613047897815704
347.5,-12.5,0.721957504749298
352.5,-12.5,0.866697192192078
357.5,-12.5,1.16743791103363
2.5,-7.5,1.76444935798645
7.5,-7.5,1.83505320549011
12.5,-7.5,1.89365887641907
17.5,-7.5,1.4862539768219
22.5,-7.5,1.34365355968475
27.5,-7.5,1.18781805038452
32.5,-7.5,1.05201709270477
37.5,-7.5,0.847417712211609
42.5,-7.5,0.653505384922028
47.5,-7.5,0.694939255714417
52.5,-7.5,0.779850244522095
57.5,-7.5,0.990482270717621
62.5,-7.5,1.12941825389862
67.5,-7.5,1.10403001308441
72.5,-7.5,1.04453945159912
77.5,-7.5,0.924328327178955
82.5,-7.5,0.75107204914093
87.5,-7.5,0.727509737014771
92.5,-7.5,0.771584987640381
97.5,-7.5,0.835451424121857
102.5,-7.5,0.762410938739777
107.5,-7.5,0.553583204746246
112.5,-7.5,0.604809582233429
117.5,-7.5,0.636609852313995
122.5,-7.5,0.61137592792511
127.5,-7.5,0.643923282623291
132.5,-7.5,0.690647423267365
137.5,-7.5,0.673907816410065
142.5,-7.5,0.850862503051758
147.5,-7.5,0.700975894927979
152.5,-7.5,0.461074858903885
157.5,-7.5,0.623282432556152
162.5,-7.5,0.686545252799988
167.5,-7.5,0.738439619541168
172.5,-7.5,0.824114382266998
177.5,-7.5,0.830363988876343
182.5,-7.5,0.829382359981537
187.5,-7.5,0.837381899356842
192.5,-7.5,0.763355553150177
197.5,-7.5,0.634833812713623
202.5,-7.5,0.547826766967773
207.5,-7.5,0.427391409873962
212.5,-7.5,0.345627903938293
217.5,-7.5,0.317263692617416
222.5,-7.5,0.368226170539856
227.5,-7.5,0.272489368915558
232.5,-7.5,0.211988747119904
237.5,-7.5,0.16321724653244
242.5,-7.5,0.130111217498779
247.5,-7.5,0.114169232547283
252.5,-7.5,0.090692475438118
257.5,-7.5,0.024400606751442
262.5,-7.5,-0.047140471637249
267.5,-7.5,-0.152945846319199
272.5,-7.5,-0.402239829301834
277.5,-7.5,-0.212165281176567
282.5,-7.5,0.993583381175995
287.5,-7.5,1.33157551288605
292.5,-7.5,1.0291348695755
297.5,-7.5,0.918530285358429
302.5,-7.5,1.02050352096558
307.5,-7.5,1.16194188594818
312.5,-7.5,1.0532032251358
317.5,-7.5,0.959113955497742
322.5,-7.5,0.854713141918182
327.5,-7.5,0.632009625434875
332.5,-7.5,0.654794335365295
337.5,-7.5,0.837724328041077
342.5,-7.5,1.07772433757782
347.5,-7.5,1.24512207508087
352.5,-7.5,1.46787047386169
357.5,-7.5,1.68929982185364
2.5,-2.5,1.39737915992737
7.5,-2.5,1.28928351402283
12.5,-2.5,1.6707489490509
17.5,-2.5,1.66478598117828
22.5,-2.5,1.27175045013428
27.5,-2.5,1.19323074817657
32.5,-2.5,0.941523671150208
37.5,-2.5,1.3774825334549
42.5,-2.5,0.802569687366486
47.5,-2.5,0.773799538612366
52.5,-2.5,0.824974894523621
57.5,-2.5,0.93220329284668
62.5,-2.5,0.957756519317627
67.5,-2.5,0.909786939620972
72.5,-2.5,0.905070900917053
77.5,-2.5,0.979425668716431
82.5,-2.5,0.946842968463898
87.5,-2.5,0.973991870880127
92.5,-2.5,1.07639026641846
97.5,-2.5,1.07059824466705
102.5,-2.5,1.15481519699097
107.5,-2.5,0.594547092914581
112.5,-2.5,0.816322386264801
117.5,-2.5,0.533984065055847
122.5,-2.5,0.483130097389221
127.5,-2.5,0.578412115573883
132.5,-2.5,0.686634421348572
137.5,-2.5,0.889259099960327
142.5,-2.5,0.829530715942383
147.5,-2.5,0.714850306510925
152.5,-2.5,0.668025255203247
157.5,-2.5,0.69795435667038
162.5,-2.5,0.840671181678772
167.5,-2.5,1.03096151351929
172.5,-2.5,1.18021547794342
177.5,-2.5,1.19262588024139
182.5,-2.5,1.22796320915222
187.5,-2.5,1.18374788761139
192.5,-2.5,1.06568026542664
197.5,-2.5,0.908060371875763
202.5,-2.5,0.770406901836395
207.5,-2.5,0.64833801984787
212.5,-2.5,0.536996126174927
217.5,-2.5,0.398142635822296
222.5,-2.5,0.266677767038345
227.5,-2.5,0.167452245950699
232.5,-2.5,0.0804495215415955
237.5,-2.5,0.0235153958201408
242.5,-2.5,-0.0159490201622248
247.5,-2.5,-0.0762613713741302
252.5,-2.5,-0.0604082494974136
257.5,-2.5,-0.0390578471124172
262.5,-2.5,-0.123603746294975
267.5,-2.5,-0.242461621761322
272.5,-2.5,-0.29532527923584
277.5,-2.5,0.0220079720020294
282.5,-2.5,1.35094511508942
287.5,-2.5,0.743146419525146
292.5,-2.5,0.737329721450806
297.5,-2.5,1.06730508804321
302.5,-2.5,1.18797481060028
307.5,-2.5,0.838718175888062
312.5,-2.5,0.988776028156281
317.5,-2.5,0.747772455215454
322.5,-2.5,0.68013459444046
327.5,-2.5,0.720121622085571
332.5,-2.5,0.95123690366745
337.5,-2.5,1.26092135906219
342.5,-2.5,1.50568664073944
347.5,-2.5,1.55149841308594
352.5,-2.5,1.48624849319458
357.5,-2.5,1.51027619838715
2.5,2.5,1.60430264472961
7.5,2.5,1.42718803882599
12.5,2.5,1.29718244075775
17.5,2.5,0.899276733398438
22.5,2.5,0.985738277435303
27.5,2.5,0.96187561750412
32.5,2.5,0.846989750862122
37.5,2.5,0.874399662017822
42.5,2.5,0.843181729316711
47.5,2.5,0.844150125980377
52.5,2.5,0.87185263633728
57.5,2.5,0.993135392665863
62.5,2.5,1.04803514480591
67.5,2.5,0.94272118806839
72.5,2.5,0.865286350250244
77.5,2.5,0.922447800636292
82.5,2.5,0.900733351707458
87.5,2.5,0.90517270565033
92.5,2.5,0.982682168483734
97.5,2.5,1.00535953044891
102.5,2.5,0.993754208087921
107.5,2.5,0.525143027305603
112.5,2.5,0.761515438556671
117.5,2.5,0.683264076709747
122.5,2.5,0.373114764690399
127.5,2.5,0.382388830184937
132.5,2.5,0.499662101268768
137.5,2.5,0.543577671051025
142.5,2.5,0.575156152248383
147.5,2.5,0.580638885498047
152.5,2.5,0.596626460552216
157.5,2.5,0.685925543308258
162.5,2.5,0.835043430328369
167.5,2.5,0.999709904193878
172.5,2.5,1.0906218290329
177.5,2.5,1.16908538341522
182.5,2.5,1.23083913326263
187.5,2.5,1.22373509407043
192.5,2.5,1.13882184028625
197.5,2.5,1.01977562904358
202.5,2.5,0.917698264122009
207.5,2.5,0.804261922836304
212.5,2.5,0.67596572637558
217.5,2.5,0.566207826137543
222.5,2.5,0.474601060152054
227.5,2.5,0.378890544176102
232.5,2.5,0.278487235307693
237.5,2.5,0.177310407161713
242.5,2.5,0.12268028408289
247.5,2.5,0.0328347012400627
252.5,2.5,0.0516562648117542
257.5,2.5,0.134884715080261
262.5,2.5,0.116218641400337
267.5,2.5,0.082621231675148
272.5,2.5,0.0982112884521484
277.5,2.5,0.505423367023468
282.5,2.5,1.37965762615204
287.5,2.5,1.1961590051651
292.5,2.5,1.07086849212646
297.5,2.5,1.24583733081818
302.5,2.5,1.41298627853394
307.5,2.5,1.18299770355225
312.5,2.5,0.718831837177277
317.5,2.5,0.686912000179291
322.5,2.5,0.72731226682663
327.5,2.5,0.901124715805054
332.5,2.5,1.19334316253662
337.5,2.5,1.49679934978485
342.5,2.5,1.61283838748932
347.5,2.5,1.57315385341644
352.5,2.5,1.54041194915771
357.5,2.5,1.68834507465363
2.5,7.5,1.08363342285156
7.5,7.5,0.333846598863602
12.5,7.5,0.325282573699951
17.5,7.5,0.431037098169327
22.5,7.5,0.42066901922226
27.5,7.5,0.49538716673851
32.5,7.5,0.618800640106201
37.5,7.5,0.938199639320374
42.5,7.5,0.685788333415985
47.5,7.5,0.787955820560455
52.5,7.5,0.64566171169281
57.5,7.5,0.816244602203369
62.5,7.5,0.931584715843201
67.5,7.5,0.902349293231964
72.5,7.5,0.808459103107452
77.5,7.5,0.784437775611877
82.5,7.5,0.74869978427887
87.5,7.5,0.605541706085205
92.5,7.5,0.571117877960205
97.5,7.5,0.622728109359741
102.5,7.5,0.456509411334991
107.5,7.5,0.219711676239967
112.5,7.5,0.122230879962444
117.5,7.5,0.176441311836243
122.5,7.5,0.215126931667328
127.5,7.5,0.307300955057144
132.5,7.5,0.274734079837799
137.5,7.5,0.288779973983765
142.5,7.5,0.296631634235382
147.5,7.5,0.400646924972534
152.5,7.5,0.528903126716614
157.5,7.5,0.615935385227203
162.5,7.5,0.650665819644928
167.5,7.5,0.635486543178558
172.5,7.5,0.697039008140564
177.5,7.5,0.704973340034485
182.5,7.5,0.711631834506989
187.5,7.5,0.771316826343536
192.5,7.5,0.802236437797546
197.5,7.5,0.766788005828857
202.5,7.5,0.76663476228714
207.5,7.5,0.772215008735657
212.5,7.5,0.690912306308746
217.5,7.5,0.647053062915802
222.5,7.5,0.641196608543396
227.5,7.5,0.607869982719421
232.5,7.5,0.554544985294342
237.5,7.5,0.454043567180634
242.5,7.5,0.394992291927338
247.5,7.5,0.345179259777069
252.5,7.5,0.311629325151443
257.5,7.5,0.434592843055725
262.5,7.5,0.584857165813446
267.5,7.5,0.738222062587738
272.5,7.5,0.748515427112579
277.5,7.5,0.869291424751282
282.5,7.5,1.00806093215942
287.5,7.5,1.02975368499756
292.5,7.5,1.01448631286621
297.5,7.5,1.19538104534149
302.5,7.5,0.962120711803436
307.5,7.5,0.599492907524109
312.5,7.5,0.433344423770905
317.5,7.5,0.362399041652679
322.5,7.5,0.415808260440826
327.5,7.5,0.582673907279968
332.5,7.5,0.828420042991638
337.5,7.5,1.20224702358246
342.5,7.5,1.56423795223236
347.5,7.5,1.42459356784821
352.5,7.5,0.779776811599731
357.5,7.5,1.29037582874298
2.5,12.5,0.105426371097565
7.5,12.5,0.115178808569908
12.5,12.5,0.400175899267197
17.5,12.5,-0.0433946549892426
22.5,12.5,-0.624040246009827
27.5,12.5,-0.803776860237122
32.5,12.5,-1.49182271957397
37.5,12.5,0.568768441677094
42.5,12.5,0.77258712053299
47.5,12.5,0.702218294143677
52.5,12.5,0.505414724349976
57.5,12.5,0.534691452980042
62.5,12.5,0.595443427562714
67.5,12.5,0.567231118679047
72.5,12.5,0.621508836746216
77.5,12.5,1.53267014026642
82.5,12.5,0.418525278568268
87.5,12.5,0.246316984295845
92.5,12.5,0.228097677230835
97.5,12.5,0.39479261636734
102.5,12.5,1.50398671627045
107.5,12.5,1.04028701782227
112.5,12.5,0.311460942029953
117.5,12.5,0.316615343093872
122.5,12.5,0.308430254459381
127.5,12.5,0.313720375299454
132.5,12.5,0.213128268718719
137.5,12.5,0.264304578304291
142.5,12.5,0.293312698602676
147.5,12.5,0.343327790498734
152.5,12.5,0.446988105773926
157.5,12.5,0.463091254234314
162.5,12.5,0.463729083538055
167.5,12.5,0.446587145328522
172.5,12.5,0.509854555130005
177.5,12.5,0.577010810375214
182.5,12.5,0.592995524406433
187.5,12.5,0.615710854530334
192.5,12.5,0.625131785869598
197.5,12.5,0.621918141841888
202.5,12.5,0.651691734790802
207.5,12.5,0.678101420402527
212.5,12.5,0.604798853397369
217.5,12.5,0.603423953056335
222.5,12.5,0.634554266929626
227.5,12.5,0.665385961532593
232.5,12.5,0.632981300354004
237.5,12.5,0.463644564151764
242.5,12.5,0.382835179567337
247.5,12.5,0.438049763441086
252.5,12.5,0.500100553035736
257.5,12.5,0.66711950302124
262.5,12.5,0.762254595756531
267.5,12.5,0.997487664222717
272.5,12.5,1.05449974536896
277.5,12.5,0.957900583744049
282.5,12.5,0.969719469547272
287.5,12.5,0.960841357707977
292.5,12.5,0.903637290000916
297.5,12.5,0.911223649978638
302.5,12.5,0.813920855522156
307.5,12.5,0.46936509013176
312.5,12.5,0.195867076516151
317.5,12.5,-0.0156363938003778
322.5,12.5,-0.107841201126575
327.5,12.5,-0.0137961907312274
332.5,12.5,0.178672909736633
337.5,12.5,0.497239857912064
342.5,12.5,1.05546343326569
347.5,12.5,0.276814937591553
352.5,12.5,0.00191980600357056
357.5,12.5,0.24862451851368
2.5,17.5,0.235401421785355
7.5,17.5,-0.144172459840775
12.5,17.5,-0.15625661611557
17.5,17.5,-0.459061145782471
22.5,17.5,-0.173873707652092
27.5,17.5,-0.146398440003395
32.5,17.5,-0.892245948314667
37.5,17.5,0.260235279798508
42.5,17.5,1.00282454490662
47.5,17.5,0.762871265411377
52.5,17.5,0.591791272163391
57.5,17.5,0.354612946510315
62.5,17.5,0.264073193073273
67.5,17.5,0.171484082937241
72.5,17.5,0.309972524642944
77.5,17.5,0.952763736248016
82.5,17.5,0.687511622905731
87.5,17.5,-0.0459539331495762
92.5,17.5,-0.341767609119415
97.5,17.5,1.53267276287079
102.5,17.5,2.61489224433899
107.5,17.5,0.740054488182068
112.5,17.5,0.552495956420898
117.5,17.5,0.625132381916046
122.5,17.5,0.719038844108582
127.5,17.5,0.658137321472168
132.5,17.5,0.718657433986664
137.5,17.5,0.779431164264679
142.5,17.5,0.684685528278351
147.5,17.5,0.568596482276917
152.5,17.5,0.424464404582977
157.5,17.5,0.221274748444557
162.5,17.5,0.149437755346298
167.5,17.5,0.212384968996048
172.5,17.5,0.363865703344345
177.5,17.5,0.534146130084991
182.5,17.5,0.650603890419006
187.5,17.5,0.734686851501465
192.5,17.5,0.691092729568481
197.5,17.5,0.681635737419128
202.5,17.5,0.699660658836365
207.5,17.5,0.698779284954071
212.5,17.5,0.629483640193939
217.5,17.5,0.595532298088074
222.5,17.5,0.62994396686554
227.5,17.5,0.748974621295929
232.5,17.5,0.687605440616608
237.5,17.5,0.423740655183792
242.5,17.5,0.415107220411301
247.5,17.5,0.669504880905151
252.5,17.5,0.949634373188019
257.5,17.5,1.15876817703247
262.5,17.5,0.971364259719849
267.5,17.5,1.32725977897644
272.5,17.5,1.07740223407745
277.5,17.5,0.829120755195618
282.5,17.5,0.889947414398193
287.5,17.5,0.897412180900574
292.5,17.5,0.978423237800598
297.5,17.5,0.934674859046936
302.5,17.5,0.848816096782684
307.5,17.5,0.65094655752182
312.5,17.5,0.425771981477737
317.5,17.5,0.189561441540718
322.5,17.5,-0.0137407621368766
327.5,17.5,-0.113481737673283
332.5,17.5,-0.132326975464821
337.5,17.5,-0.107779994606972
342.5,17.5,0.211319297552109
347.5,17.5,0.731065332889557
352.5,17.5,0.897294402122498
357.5,17.5,0.307374686002731
2.5,22.5,0.391605794429779
7.5,22.5,0.180825710296631
12.5,22.5,-0.186141788959503
17.5,22.5,-0.275884807109833
22.5,22.5,-0.373913288116455
27.5,22.5,-0.271824985742569
32.5,22.5,-0.787457406520844
37.5,22.5,0.303939670324326
42.5,22.5,-0.125976651906967
47.5,22.5,0.596411049365997
52.5,22.5,0.228064939379692
57.5,22.5,0.15715429186821
62.5,22.5,0.285447388887405
67.5,22.5,-0.00516193732619286
72.5,22.5,-0.673268914222717
77.5,22.5,-1.00646686553955
82.5,22.5,-0.314635783433914
87.5,22.5,-0.193680301308632
92.5,22.5,0.171314865350723
97.5,22.5,1.45457530021667
102.5,22.5,1.99451851844788
107.5,22.5,1.9302145242691
112.5,22.5,1.57437241077423
117.5,22.5,0.905324578285217
122.5,22.5,1.16334795951843
127.5,22.5,1.1533944606781
132.5,22.5,1.21266841888428
137.5,22.5,1.33840394020081
142.5,22.5,1.17459344863892
147.5,22.5,0.936226427555084
152.5,22.5,0.610929191112518
157.5,22.5,0.325931519269943
162.5,22.5,0.13375061750412
167.5,22.5,0.0262185037136078
172.5,22.5,0.110908687114716
177.5,22.5,0.324004381895065
182.5,22.5,0.546418488025665
187.5,22.5,0.765228629112244
192.5,22.5,0.864861607551575
197.5,22.5,0.855081796646118
202.5,22.5,0.831201612949371
207.5,22.5,0.781942903995514
212.5,22.5,0.63987535238266
217.5,22.5,0.427576780319214
222.5,22.5,0.361779421567917
227.5,22.5,0.401562541723251
232.5,22.5,0.414080947637558
237.5,22.5,0.406670898199081
242.5,22.5,0.495084285736084
247.5,22.5,0.63716197013855
252.5,22.5,0.896406769752502
257.5,22.5,1.0701504945755
262.5,22.5,1.78312015533447
267.5,22.5,1.03124737739563
272.5,22.5,0.841094315052032
277.5,22.5,0.70880514383316
282.5,22.5,0.721632659435272
287.5,22.5,0.826408565044403
292.5,22.5,0.9281986951828
297.5,22.5,0.998606324195862
302.5,22.5,0.914697229862213
307.5,22.5,0.809077262878418
312.5,22.5,0.730824649333954
317.5,22.5,0.591947019100189
322.5,22.5,0.403834193944931
327.5,22.5,0.295022994279861
332.5,22.5,0.17436121404171
337.5,22.5,-0.0293579325079918
342.5,22.5,0.0482219830155373
347.5,22.5,0.59299510717392
352.5,22.5,0.223942413926125
357.5,22.5,0.278514117002487
2.5,27.5,0.525253415107727
7.5,27.5,0.684068202972412
12.5,27.5,-0.05996960029006
17.5,27.5,-0.141074389219284
22.5,27.5,-0.512929856777191
27.5,27.5,-0.0962406992912292
32.5,27.5,0.0520816631615162
37.5,27.5,-0.510378062725067
42.5,27.5,0.0285772681236267
47.5,27.5,1.21272349357605
52.5,27.5,0.672424852848053
57.5,27.5,0.355964481830597
62.5,27.5,-0.388376802206039
67.5,27.5,-1.02326631546021
72.5,27.5,-1.22484540939331
77.5,27.5,-0.794970154762268
82.5,27.5,-0.43298727273941
87.5,27.5,-0.108260422945023
92.5,27.5,0.478242814540863
97.5,27.5,0.868921756744385
102.5,27.5,1.44121623039246
107.5,27.5,2.02216720581055
112.5,27.5,1.77867698669434
117.5,27.5,2.45855402946472
122.5,27.5,0.931344091892242
127.5,27.5,1.35636591911316
132.5,27.5,1.25731062889099
137.5,27.5,1.25520050525665
142.5,27.5,1.23568975925446
147.5,27.5,1.07541167736053
152.5,27.5,0.832262814044952
157.5,27.5,0.750047147274017
162.5,27.5,0.767634689807892
167.5,27.5,0.585577726364136
172.5,27.5,0.400150746107101
177.5,27.5,0.407077133655548
182.5,27.5,0.595464527606964
187.5,27.5,0.768548727035522
192.5,27.5,1.05987071990967
197.5,27.5,1.18698799610138
202.5,27.5,1.09115779399872
207.5,27.5,0.863964915275574
212.5,27.5,0.555703461170197
217.5,27.5,0.208982154726982
222.5,27.5,-0.00640634121373296
227.5,27.5,-0.0636491775512695
232.5,27.5,0.0438732542097569
237.5,27.5,0.282376199960709
242.5,27.5,0.276071697473526
247.5,27.5,-0.180669724941254
252.5,27.5,1.16411757469177
257.5,27.5,2.01086020469666
262.5,27.5,2.23111033439636
267.5,27.5,0.755357027053833
272.5,27.5,0.449043095111847
277.5,27.5,0.542211174964905
282.5,27.5,0.70878928899765
287.5,27.5,0.631070792675018
292.5,27.5,0.676767945289612
297.5,27.5,0.847550272941589
302.5,27.5,0.718773007392883
307.5,27.5,0.676028430461884
312.5,27.5,0.853477001190186
317.5,27.5,0.915335714817047
322.5,27.5,0.839646577835083
327.5,27.5,0.824952244758606
332.5,27.5,0.818771958351135
337.5,27.5,0.624020218849182
342.5,27.5,0.335989862680435
347.5,27.5,0.360789477825165
352.5,27.5,-0.144203811883926
357.5,27.5,0.0795119255781174
2.5,32.5,0.208126351237297
7.5,32.5,1.07418274879456
12.5,32.5,0.871819138526917
17.5,32.5,0.753319799900055
22.5,32.5,0.55180287361145
27.5,32.5,0.834677934646606
32.5,32.5,0.808215796947479
37.5,32.5,0.348204791545868
42.5,32.5,0.373499810695648
47.5,32.5,1.51049721240997
52.5,32.5,1.06123173236847
57.5,32.5,0.514937162399292
62.5,32.5,0.0522312223911285
67.5,32.5,-1.31828832626343
72.5,32.5,-0.81500518321991
77.5,32.5,-0.845414221286774
82.5,32.5,-0.742972612380981
87.5,32.5,-0.298162579536438
92.5,32.5,-0.674065947532654
97.5,32.5,0.373109936714172
102.5,32.5,1.73696184158325
107.5,32.5,1.81946182250977
112.5,32.5,1.47358107566833
117.5,32.5,1.91283369064331
122.5,32.5,0.51333749294281
127.5,32.5,1.46404540538788
132.5,32.5,1.5646196603775
137.5,32.5,1.44516909122467
142.5,32.5,1.32316851615906
147.5,32.5,1.24221706390381
152.5,32.5,1.31830096244812
157.5,32.5,1.38867163658142
162.5,32.5,1.36919808387756
167.5,32.5,1.21905863285065
172.5,32.5,0.909485161304474
177.5,32.5,0.759554982185364
182.5,32.5,0.827726483345032
187.5,32.5,1.05637037754059
192.5,32.5,1.36237668991089
197.5,32.5,1.56401681900024
202.5,32.5,1.40087294578552
207.5,32.5,1.04134273529053
212.5,32.5,0.548666477203369
217.5,32.5,-0.0672877952456474
222.5,32.5,-0.425874173641205
227.5,32.5,-0.46121010184288
232.5,32.5,-0.226855054497719
237.5,32.5,0.279649913311005
242.5,32.5,0.535286605358124
247.5,32.5,0.71580445766449
252.5,32.5,1.30999994277954
257.5,32.5,2.48000001907349
262.5,32.5,3.14000010490417
267.5,32.5,2.8199999332428
272.5,32.5,2.34297180175781
277.5,32.5,2.68914079666138
282.5,32.5,1.21693384647369
287.5,32.5,1.04139268398285
292.5,32.5,0.994751334190369
297.5,32.5,0.954704225063324
302.5,32.5,0.60267037153244
307.5,32.5,0.445242196321487
312.5,32.5,0.613981962203979
317.5,32.5,0.822097420692444
322.5,32.5,1.00909960269928
327.5,32.5,1.14370942115784
332.5,32.5,1.13588750362396
337.5,32.5,1.11671793460846
342.5,32.5,0.837413907051086
347.5,32.5,0.534795880317688
352.5,32.5,0.276857227087021
357.5,32.5,-0.3530193567276
2.5,37.5,0.461254507303238
7.5,37.5,0.737261176109314
12.5,37.5,0.7231684923172
17.5,37.5,0.843225538730621
22.5,37.5,0.970253944396973
27.5,37.5,0.845888614654541
32.5,37.5,0.773367881774902
37.5,37.5,1.54633522033691
42.5,37.5,0.991166830062866
47.5,37.5,1.56975185871124
52.5,37.5,1.29994034767151
57.5,37.5,2.28240370750427
62.5,37.5,0.792172968387604
67.5,37.5,0.681530594825745
72.5,37.5,0.105759978294373
77.5,37.5,1.43417537212372
82.5,37.5,0.868602633476257
87.5,37.5,0.447538077831268
92.5,37.5,0.758505284786224
97.5,37.5,0.851849317550659
102.5,37.5,1.83063089847565
107.5,37.5,1.80387878417969
112.5,37.5,1.69553327560425
117.5,37.5,2.20733618736267
122.5,37.5,0.737825274467468
127.5,37.5,2.73479008674622
132.5,37.5,2.55317974090576
137.5,37.5,2.19051933288574
142.5,37.5,2.32872080802917
147.5,37.5,2.25567960739136
152.5,37.5,1.73097193241119
157.5,37.5,1.77000391483307
162.5,37.5,1.93529212474823
167.5,37.5,1.71372020244598
172.5,37.5,1.31007146835327
177.5,37.5,0.78876405954361
182.5,37.5,0.833645224571228
187.5,37.5,1.02197754383087
192.5,37.5,1.33078861236572
197.5,37.5,1.49396622180939
202.5,37.5,1.3890620470047
207.5,37.5,1.16950345039368
212.5,37.5,0.93360823392868
217.5,37.5,0.380713582038879
222.5,37.5,-0.193514034152031
227.5,37.5,-0.334294974803925
232.5,37.5,-0.0783425197005272
237.5,37.5,0.613011300563812
242.5,37.5,1.53999996185303
247.5,37.5,1.45000004768372
252.5,37.5,0.920000016689301
257.5,37.5,2.60999989509583
262.5,37.5,3.07999992370605
267.5,37.5,3.17000007629395
272.5,37.5,4
277.5,37.5,3.79999995231628
282.5,37.5,2.39751839637756
287.5,37.5,1.28196239471436
292.5,37.5,1.67579770088196
297.5,37.5,2.20584440231323
302.5,37.5,1.72289073467255
307.5,37.5,1.10765731334686
312.5,37.5,0.744272291660309
317.5,37.5,0.582654893398285
322.5,37.5,0.809785962104797
327.5,37.5,1.12184429168701
332.5,37.5,1.25515067577362
337.5,37.5,1.21767020225525
342.5,37.5,1.03092551231384
347.5,37.5,0.715116202831268
352.5,37.5,0.646608471870422
357.5,37.5,0.380115926265717
2.5,42.5,0.95728725194931
7.5,42.5,0.780331969261169
12.5,42.5,1.10518717765808
17.5,42.5,1.19620490074158
22.5,42.5,1.59166073799133
27.5,42.5,1.35230493545532
32.5,42.5,1.23783087730408
37.5,42.5,1.09834802150726
42.5,42.5,1.81518709659576
47.5,42.5,2.04615187644958
52.5,42.5,2.3329496383667
57.5,42.5,4.35916948318481
62.5,42.5,3.50302004814148
67.5,42.5,1.93619704246521
72.5,42.5,1.87129485607147
77.5,42.5,2.14699935913086
82.5,42.5,2.65203237533569
87.5,42.5,1.57299184799194
92.5,42.5,1.1721898317337
97.5,42.5,1.41398012638092
102.5,42.5,2.42833471298218
107.5,42.5,2.69098162651062
112.5,42.5,1.92443776130676
117.5,42.5,2.47851777076721
122.5,42.5,2.83020162582397
127.5,42.5,3.37489676475525
132.5,42.5,2.93287515640259
137.5,42.5,1.28831517696381
142.5,42.5,1.03678774833679
147.5,42.5,0.841766715049744
152.5,42.5,0.892460227012634
157.5,42.5,1.16838312149048
162.5,42.5,1.29119157791138
167.5,42.5,0.894694685935974
172.5,42.5,0.596131026744843
177.5,42.5,0.417348742485046
182.5,42.5,0.367576003074646
187.5,42.5,0.405865579843521
192.5,42.5,0.478167980909348
197.5,42.5,0.668263971805573
202.5,42.5,0.938673615455627
207.5,42.5,1.1061030626297
212.5,42.5,1.23196685314178
217.5,42.5,1.12220752239227
222.5,42.5,0.779675543308258
227.5,42.5,0.40361151099205
232.5,42.5,0.234467670321465
237.5,42.5,0.909906029701233
242.5,42.5,2.41000008583069
247.5,42.5,2.25999999046326
252.5,42.5,2.29999995231628
257.5,42.5,3.02999997138977
262.5,42.5,2.13000011444092
267.5,42.5,3.64000010490417
272.5,42.5,3.65358066558838
277.5,42.5,1.97829902172089
282.5,42.5,3.07590889930725
287.5,42.5,2.81523275375366
292.5,42.5,1.20599400997162
297.5,42.5,1.83859884738922
302.5,42.5,1.93924498558044
307.5,42.5,1.20385420322418
312.5,42.5,0.804669260978699
317.5,42.5,0.709871530532837
322.5,42.5,0.706928074359894
327.5,42.5,0.736680626869202
332.5,42.5,0.766455054283142
337.5,42.5,0.77154141664505
342.5,42.5,0.747585117816925
347.5,42.5,0.592860698699951
352.5,42.5,0.791729688644409
357.5,42.5,1.02208411693573
2.5,47.5,2.72774624824524
7.5,47.5,2.87999963760376
12.5,47.5,2.70002603530884
17.5,47.5,1.58033037185669
22.5,47.5,0.666057109832764
27.5,47.5,3.22964549064636
32.5,47.5,3.45962047576904
37.5,47.5,3.61452627182007
42.5,47.5,5.7194242477417
47.5,47.5,5.58225774765015
52.5,47.5,5.25661563873291
57.5,47.5,5.32420015335083
62.5,47.5,6.0381326675415
67.5,47.5,4.48101758956909
72.5,47.5,3.40522384643555
77.5,47.5,3.8464891910553
82.5,47.5,3.86274313926697
87.5,47.5,3.14217877388
92.5,47.5,1.98925173282623
97.5,47.5,1.80275881290436
102.5,47.5,1.59855377674103
107.5,47.5,3.23652029037476
112.5,47.5,1.90295243263245
117.5,47.5,3.54159641265869
122.5,47.5,3.04013538360596
127.5,47.5,2.88770246505737
132.5,47.5,4.04913330078125
137.5,47.5,2.40707588195801
142.5,47.5,1.1599999666214
147.5,47.5,-1.35279285907745
152.5,47.5,-0.431550592184067
157.5,47.5,-0.383778065443039
162.5,47.5,-0.336753696203232
167.5,47.5,-0.307957947254181
172.5,47.5,-0.182246148586273
177.5,47.5,-0.112871333956718
182.5,47.5,-0.197790428996086
187.5,47.5,-0.140327095985413
192.5,47.5,0.0162698403000832
197.5,47.5,0.268467545509338
202.5,47.5,0.615801155567169
207.5,47.5,0.93615198135376
212.5,47.5,1.09131395816803
217.5,47.5,1.2582072019577
222.5,47.5,1.3475661277771
227.5,47.5,0.901872396469116
232.5,47.5,0.442644625902176
237.5,47.5,1.16355645656586
242.5,47.5,2.74000000953674
247.5,47.5,3
252.5,47.5,2.85999989509583
257.5,47.5,2.63000011444092
262.5,47.5,3.33999991416931
267.5,47.5,4.28217029571533
272.5,47.5,2.14575386047363
277.5,47.5,3.54007482528687
282.5,47.5,4.80000352859497
287.5,47.5,4.57000017166138
292.5,47.5,3.00945591926575
297.5,47.5,0.0779263228178024
302.5,47.5,0.254257023334503
307.5,47.5,0.285305202007294
312.5,47.5,0.690555512905121
317.5,47.5,0.918619334697723
322.5,47.5,0.643312692642212
327.5,47.5,0.140187323093414
332.5,47.5,0.0344401933252811
337.5,47.5,0.129018217325211
342.5,47.5,0.269556671380997
347.5,47.5,0.395822197198868
352.5,47.5,0.615665435791016
357.5,47.5,1.14713442325592
2.5,52.5,1.79506707191467
7.5,52.5,2.65574169158936
12.5,52.5,3.31679654121399
17.5,52.5,4.07936763763428
22.5,52.5,5.44061613082886
27.5,52.5,6.08264064788818
32.5,52.5,6.68809509277344
37.5,52.5,7.00686836242676
42.5,52.5,7.48980045318604
47.5,52.5,7.7215633392334
52.5,52.5,7.87299108505249
57.5,52.5,7.1568078994751
62.5,52.5,6.84011507034302
67.5,52.5,6.17085361480713
72.5,52.5,6.30246257781982
77.5,52.5,5.91684341430664
82.5,52.5,4.68136978149414
87.5,52.5,3.05623054504395
92.5,52.5,4.08358430862427
97.5,52.5,2.74554872512817
102.5,52.5,2.62057781219482
107.5,52.5,1.66032242774963
112.5,52.5,2.7247633934021
117.5,52.5,3.09928703308105
122.5,52.5,3.14985704421997
127.5,52.5,3.32466602325439
132.5,52.5,3.67071557044983
137.5,52.5,3.11664295196533
142.5,52.5,2.3199999332428
147.5,52.5,-1.4771249294281
152.5,52.5,-0.65482896566391
157.5,52.5,0.204409867525101
162.5,52.5,-0.545545697212219
167.5,52.5,-0.021422216668725
172.5,52.5,0.276574850082397
177.5,52.5,0.339629858732224
182.5,52.5,0.314725875854492
187.5,52.5,0.0217873640358448
192.5,52.5,0.0424558408558369
197.5,52.5,0.185517072677612
202.5,52.5,0.378188103437424
207.5,52.5,0.520251035690308
212.5,52.5,0.652208507061005
217.5,52.5,0.941213428974152
222.5,52.5,1.10052502155304
227.5,52.5,0.655944466590881
232.5,52.5,0.104235842823982
237.5,52.5,1.23942077159882
242.5,52.5,0.490009844303131
247.5,52.5,-0.0399999618530273
252.5,52.5,2.66007685661316
257.5,52.5,4.07000827789307
262.5,52.5,5.25856304168701
267.5,52.5,6.22338008880615
272.5,52.5,5.98277616500854
277.5,52.5,3.80281519889832
282.5,52.5,3.96063280105591
287.5,52.5,4.12829208374023
292.5,52.5,2.39909601211548
297.5,52.5,1.35696077346802
302.5,52.5,0.462310373783112
307.5,52.5,0.819588720798492
312.5,52.5,1.02353823184967
317.5,52.5,0.877114951610565
322.5,52.5,0.469576835632324
327.5,52.5,6.56803022138774e-05
332.5,52.5,-0.236886158585548
337.5,52.5,-0.0952277705073357
342.5,52.5,-0.06688492000103
347.5,52.5,0.260333269834518
352.5,52.5,0.843140125274658
357.5,52.5,1.60097193717957
2.5,57.5,1.06006455421448
7.5,57.5,2.02476763725281
12.5,57.5,3.31390905380249
17.5,57.5,2.47897267341614
22.5,57.5,2.84653472900391
27.5,57.5,6.55138826370239
32.5,57.5,8.17720794677734
37.5,57.5,8.32008647918701
42.5,57.5,8.2420597076416
47.5,57.5,8.36886501312256
52.5,57.5,8.24462032318115
57.5,57.5,7.20015287399292
62.5,57.5,6.38878726959229
67.5,57.5,5.7854175567627
72.5,57.5,5.92709970474243
77.5,57.5,6.38514995574951
82.5,57.5,6.7149715423584
87.5,57.5,6.27120494842529
92.5,57.5,7.72749042510986
97.5,57.5,7.48599433898926
102.5,57.5,5.83975505828857
107.5,57.5,6.37670946121216
112.5,57.5,8.65046691894531
117.5,57.5,6.4127459526062
122.5,57.5,5.75153398513794
127.5,57.5,8.03330135345459
132.5,57.5,5.64244794845581
137.5,57.5,3.30659675598145
142.5,57.5,1.50999999046326
147.5,57.5,-0.915437936782837
152.5,57.5,-0.217685773968697
157.5,57.5,1.72113358974457
162.5,57.5,1.49484002590179
167.5,57.5,1.18515241146088
172.5,57.5,1.17576825618744
177.5,57.5,0.994948267936707
182.5,57.5,0.81284636259079
187.5,57.5,0.441134005784988
192.5,57.5,0.037310142070055
197.5,57.5,-0.501899003982544
202.5,57.5,-1.31592833995819
207.5,57.5,-0.227190315723419
212.5,57.5,0.524650752544403
217.5,57.5,0.699657261371613
222.5,57.5,0.426852107048035
227.5,57.5,-0.164295047521591
232.5,57.5,-1.29303681850433
237.5,57.5,-1.14657306671143
242.5,57.5,-0.494996249675751
247.5,57.5,1.77955722808838
252.5,57.5,4.73088788986206
257.5,57.5,4.46887016296387
262.5,57.5,5.0443434715271
267.5,57.5,5.96999979019165
272.5,57.5,NA
277.5,57.5,NA
282.5,57.5,3.91000008583069
287.5,57.5,3.25530600547791
292.5,57.5,1.93532621860504
297.5,57.5,1.6599999666214
302.5,57.5,1.67879176139832
307.5,57.5,1.55946314334869
312.5,57.5,1.11682236194611
317.5,57.5,0.856752634048462
322.5,57.5,0.565229415893555
327.5,57.5,0.266451686620712
332.5,57.5,-0.0152910677716136
337.5,57.5,-0.0536324046552181
342.5,57.5,-0.202652513980865
347.5,57.5,-0.143422514200211
352.5,57.5,0.481861978769302
357.5,57.5,0.961711645126343
2.5,62.5,0.924472451210022
7.5,62.5,2.49683570861816
12.5,62.5,6.52797031402588
17.5,62.5,5.16152286529541
22.5,62.5,3.72940111160278
27.5,62.5,7.18975782394409
32.5,62.5,7.92783689498901
37.5,62.5,7.69577693939209
42.5,62.5,7.54451465606689
47.5,62.5,7.55124998092651
52.5,62.5,6.98703765869141
57.5,62.5,6.72349739074707
62.5,62.5,6.9327917098999
67.5,62.5,5.96531820297241
72.5,62.5,6.37413501739502
77.5,62.5,6.47387027740479
82.5,62.5,7.64319038391113
87.5,62.5,8.88118171691895
92.5,62.5,8.9799690246582
97.5,62.5,9.00997352600098
102.5,62.5,10.7067041397095
107.5,62.5,11.3682050704956
112.5,62.5,9.49752712249756
117.5,62.5,9.11099052429199
122.5,62.5,8.58551216125488
127.5,62.5,7.53907060623169
132.5,62.5,5.57090377807617
137.5,62.5,1.36639714241028
142.5,62.5,-0.662050127983093
147.5,62.5,-0.769294381141663
152.5,62.5,1.70743203163147
157.5,62.5,0.208683505654335
162.5,62.5,0.746946811676025
167.5,62.5,1.68955743312836
172.5,62.5,0.998874545097351
177.5,62.5,1.32504367828369
182.5,62.5,1.26011776924133
187.5,62.5,NA
192.5,62.5,-3.36999988555908
197.5,62.5,-3.95904350280762
202.5,62.5,-7.21262454986572
207.5,62.5,-6.66975402832031
212.5,62.5,-5.43624114990234
217.5,62.5,-5.38852977752686
222.5,62.5,-3.57073712348938
227.5,62.5,-1.69290053844452
232.5,62.5,-1.63366043567657
237.5,62.5,-1.99998331069946
242.5,62.5,0.26896196603775
247.5,62.5,2.39008402824402
252.5,62.5,3.0172176361084
257.5,62.5,3.26390862464905
262.5,62.5,4.6439151763916
267.5,62.5,6.26999998092651
272.5,62.5,NA
277.5,62.5,3.03999996185303
282.5,62.5,3.09999990463257
287.5,62.5,NA
292.5,62.5,0.680000007152557
297.5,62.5,NA
302.5,62.5,1.89740908145905
307.5,62.5,1.50322782993317
312.5,62.5,-0.628074944019318
317.5,62.5,0.784333229064941
322.5,62.5,0.74721360206604
327.5,62.5,0.239929050207138
332.5,62.5,0.0454743802547455
337.5,62.5,0.0785930305719376
342.5,62.5,-0.00461439788341522
347.5,62.5,0.102634087204933
352.5,62.5,0.462726473808289
357.5,62.5,0.840205550193787
2.5,67.5,0.90141373872757
7.5,67.5,0.878529667854309
12.5,67.5,1.35781955718994
17.5,67.5,4.82624673843384
22.5,67.5,4.42843294143677
27.5,67.5,3.87264037132263
32.5,67.5,3.2977979183197
37.5,67.5,2.81096935272217
42.5,67.5,1.7020468711853
47.5,67.5,2.84002304077148
52.5,67.5,4.03263092041016
57.5,67.5,4.16858243942261
62.5,67.5,4.684739112854
67.5,67.5,4.76678657531738
72.5,67.5,3.73056507110596
77.5,67.5,5.14062309265137
82.5,67.5,8.32529449462891
87.5,67.5,8.23382472991943
92.5,67.5,8.9004373550415
97.5,67.5,10.1469478607178
102.5,67.5,10.5497283935547
107.5,67.5,9.81737899780273
112.5,67.5,7.55038118362427
117.5,67.5,7.13622236251831
122.5,67.5,6.44700813293457
127.5,67.5,4.66321420669556
132.5,67.5,3.8626766204834
137.5,67.5,1.19015514850616
142.5,67.5,-0.00527834892272949
147.5,67.5,-0.27911788225174
152.5,67.5,1.00614190101624
157.5,67.5,0.608052432537079
162.5,67.5,1.82801139354706
167.5,67.5,0.450839042663574
172.5,67.5,0.360638737678528
177.5,67.5,1.94451308250427
182.5,67.5,0.560000002384186
187.5,67.5,NA
192.5,67.5,1.16999995708466
197.5,67.5,-1.91860520839691
202.5,67.5,-4.26030254364014
207.5,67.5,-5.06592655181885
212.5,67.5,-4.5521068572998
217.5,67.5,-3.22567343711853
222.5,67.5,-1.39421880245209
227.5,67.5,-0.373084664344788
232.5,67.5,-0.93274462223053
237.5,67.5,1.05522179603577
242.5,67.5,2.18261480331421
247.5,67.5,1.39661455154419
252.5,67.5,0.209718659520149
257.5,67.5,1.98124122619629
262.5,67.5,1.72002589702606
267.5,67.5,1.83992886543274
272.5,67.5,4.1399998664856
277.5,67.5,1.4099999666214
282.5,67.5,-0.649999976158142
287.5,67.5,0.373691350221634
292.5,67.5,-4.42999982833862
297.5,67.5,0.330000013113022
302.5,67.5,NA
307.5,67.5,1.08714866638184
312.5,67.5,-1.59771478176117
317.5,67.5,0.552556395530701
322.5,67.5,1.00814771652222
327.5,67.5,NA
332.5,67.5,NA
337.5,67.5,0.172653704881668
342.5,67.5,0.563879251480103
347.5,67.5,0.434839099645615
352.5,67.5,0.610051274299622
357.5,67.5,0.700080871582031
2.5,72.5,0.791147947311401
7.5,72.5,0.68432080745697
12.5,72.5,0.731035828590393
17.5,72.5,0.863215446472168
22.5,72.5,0.845397412776947
27.5,72.5,0.787237167358398
32.5,72.5,0.724954187870026
37.5,72.5,0.247091993689537
42.5,72.5,0.392328083515167
47.5,72.5,0.443594664335251
52.5,72.5,0.898647606372833
57.5,72.5,NA
62.5,72.5,NA
67.5,72.5,NA
72.5,72.5,5.44999980926514
77.5,72.5,NA
82.5,72.5,2.46450543403625
87.5,72.5,4.27429914474487
92.5,72.5,7.31495332717896
97.5,72.5,7.41590118408203
102.5,72.5,7.07392311096191
107.5,72.5,6.78460311889648
112.5,72.5,5.27641201019287
117.5,72.5,3.93286681175232
122.5,72.5,3.24458622932434
127.5,72.5,2.34149551391602
132.5,72.5,NA
137.5,72.5,-0.209999993443489
142.5,72.5,NA
147.5,72.5,-0.119999997317791
152.5,72.5,NA
157.5,72.5,NA
162.5,72.5,NA
167.5,72.5,NA
172.5,72.5,NA
177.5,72.5,NA
182.5,72.5,1.99000000953674
187.5,72.5,NA
192.5,72.5,NA
197.5,72.5,NA
202.5,72.5,-0.310000002384186
207.5,72.5,-2.84999990463257
212.5,72.5,-3.09999990463257
217.5,72.5,-2.76999998092651
222.5,72.5,NA
227.5,72.5,NA
232.5,72.5,1.82000005245209
237.5,72.5,1.53999996185303
242.5,72.5,2.40000009536743
247.5,72.5,NA
252.5,72.5,1.55999994277954
257.5,72.5,-8.56999969482422
262.5,72.5,NA
267.5,72.5,-6.21999979019165
272.5,72.5,-1.72000002861023
277.5,72.5,-0.118512623012066
282.5,72.5,-2.15000009536743
287.5,72.5,NA
292.5,72.5,-0.899999976158142
297.5,72.5,NA
302.5,72.5,1.22000002861023
307.5,72.5,-0.128002762794495
312.5,72.5,-1.20875096321106
317.5,72.5,0.0445587076246738
322.5,72.5,0.477509200572968
327.5,72.5,0.469119131565094
332.5,72.5,0.442227452993393
337.5,72.5,5.59999990463257
342.5,72.5,NA
347.5,72.5,0.846145927906036
352.5,72.5,0.929980933666229
357.5,72.5,0.714203953742981
2.5,77.5,1.00347328186035
7.5,77.5,0.864840924739838
12.5,77.5,0.547890722751617
17.5,77.5,-0.720000028610229
22.5,77.5,NA
27.5,77.5,-0.959999978542328
32.5,77.5,NA
37.5,77.5,NA
42.5,77.5,NA
47.5,77.5,NA
52.5,77.5,NA
57.5,77.5,NA
62.5,77.5,NA
67.5,77.5,NA
72.5,77.5,NA
77.5,77.5,2.21000003814697
82.5,77.5,NA
87.5,77.5,2.92000007629395
92.5,77.5,3.14000010490417
97.5,77.5,NA
102.5,77.5,1.85000002384186
107.5,77.5,NA
112.5,77.5,NA
117.5,77.5,NA
122.5,77.5,NA
127.5,77.5,NA
132.5,77.5,NA
137.5,77.5,1.79999995231628
142.5,77.5,NA
147.5,77.5,NA
152.5,77.5,NA
157.5,77.5,NA
162.5,77.5,NA
167.5,77.5,NA
172.5,77.5,NA
177.5,77.5,NA
182.5,77.5,NA
187.5,77.5,NA
192.5,77.5,NA
197.5,77.5,NA
202.5,77.5,NA
207.5,77.5,NA
212.5,77.5,NA
217.5,77.5,NA
222.5,77.5,NA
227.5,77.5,NA
232.5,77.5,NA
237.5,77.5,NA
242.5,77.5,0.670000016689301
247.5,77.5,NA
252.5,77.5,NA
257.5,77.5,0.319999992847443
262.5,77.5,NA
267.5,77.5,NA
272.5,77.5,-2.1800000667572
277.5,77.5,-2.10999989509583
282.5,77.5,NA
287.5,77.5,NA
292.5,77.5,-1.63999998569489
297.5,77.5,NA
302.5,77.5,NA
307.5,77.5,NA
312.5,77.5,NA
317.5,77.5,NA
322.5,77.5,NA
327.5,77.5,NA
332.5,77.5,NA
337.5,77.5,NA
342.5,77.5,2.92000007629395
347.5,77.5,NA
352.5,77.5,NA
357.5,77.5,0.659000754356384
2.5,82.5,NA
7.5,82.5,NA
12.5,82.5,NA
17.5,82.5,NA
22.5,82.5,NA
27.5,82.5,NA
32.5,82.5,NA
37.5,82.5,NA
42.5,82.5,NA
47.5,82.5,NA
52.5,82.5,NA
57.5,82.5,5.44000005722046
62.5,82.5,NA
67.5,82.5,NA
72.5,82.5,NA
77.5,82.5,NA
82.5,82.5,NA
87.5,82.5,NA
92.5,82.5,NA
97.5,82.5,NA
102.5,82.5,NA
107.5,82.5,NA
112.5,82.5,NA
117.5,82.5,NA
122.5,82.5,NA
127.5,82.5,NA
132.5,82.5,NA
137.5,82.5,NA
142.5,82.5,NA
147.5,82.5,NA
152.5,82.5,NA
157.5,82.5,NA
162.5,82.5,NA
167.5,82.5,NA
172.5,82.5,NA
177.5,82.5,NA
182.5,82.5,NA
187.5,82.5,NA
192.5,82.5,NA
197.5,82.5,NA
202.5,82.5,NA
207.5,82.5,NA
212.5,82.5,NA
217.5,82.5,NA
222.5,82.5,NA
227.5,82.5,NA
232.5,82.5,NA
237.5,82.5,NA
242.5,82.5,NA
247.5,82.5,NA
252.5,82.5,NA
257.5,82.5,NA
262.5,82.5,NA
267.5,82.5,NA
272.5,82.5,NA
277.5,82.5,NA
282.5,82.5,NA
287.5,82.5,NA
292.5,82.5,NA
297.5,82.5,NA
302.5,82.5,NA
307.5,82.5,NA
312.5,82.5,NA
317.5,82.5,NA
322.5,82.5,NA
327.5,82.5,NA
332.5,82.5,NA
337.5,82.5,NA
342.5,82.5,-0.25
347.5,82.5,NA
352.5,82.5,NA
357.5,82.5,NA
2.5,87.5,NA
7.5,87.5,NA
12.5,87.5,NA
17.5,87.5,NA
22.5,87.5,NA
27.5,87.5,NA
32.5,87.5,NA
37.5,87.5,NA
42.5,87.5,NA
47.5,87.5,NA
52.5,87.5,NA
57.5,87.5,NA
62.5,87.5,NA
67.5,87.5,NA
72.5,87.5,NA
77.5,87.5,NA
82.5,87.5,NA
87.5,87.5,NA
92.5,87.5,NA
97.5,87.5,NA
102.5,87.5,NA
107.5,87.5,NA
112.5,87.5,NA
117.5,87.5,NA
122.5,87.5,NA
127.5,87.5,NA
132.5,87.5,NA
137.5,87.5,NA
142.5,87.5,NA
147.5,87.5,NA
152.5,87.5,NA
157.5,87.5,NA
162.5,87.5,NA
167.5,87.5,NA
172.5,87.5,NA
177.5,87.5,NA
182.5,87.5,NA
187.5,87.5,NA
192.5,87.5,NA
197.5,87.5,NA
202.5,87.5,NA
207.5,87.5,NA
212.5,87.5,NA
217.5,87.5,NA
222.5,87.5,NA
227.5,87.5,NA
232.5,87.5,NA
237.5,87.5,NA
242.5,87.5,NA
247.5,87.5,NA
252.5,87.5,NA
257.5,87.5,NA
262.5,87.5,NA
267.5,87.5,NA
272.5,87.5,NA
277.5,87.5,NA
282.5,87.5,NA
287.5,87.5,NA
292.5,87.5,NA
297.5,87.5,NA
302.5,87.5,NA
307.5,87.5,NA
312.5,87.5,NA
317.5,87.5,NA
322.5,87.5,NA
327.5,87.5,NA
332.5,87.5,NA
337.5,87.5,NA
342.5,87.5,NA
347.5,87.5,NA
352.5,87.5,NA
357.5,87.5,NA
